what,kind,bundleId,bundleVersion,description,time
java.vm.version,sysinfo,,,"17.0-b17",1287643136921
started,bundle,org.eclipse.equinox.p2.ui.sdk.scheduler,1.0.0.v20100507-1815,"org.eclipse.equinox.p2.ui.sdk.scheduler",1287643137281
started,bundle,com.sigasi.hdt,1.0.0.20100922145352,"com.sigasi.hdt",1287643137406
started,bundle,org.eclipse.equinox.p2.updatechecker,1.1.101.R36x_v20100823,"org.eclipse.equinox.p2.updatechecker",1287643137421
started,bundle,org.eclipse.mylyn.monitor.ui,3.4.0.v20100608-0100-e3x,"org.eclipse.mylyn.monitor.ui",1287643137843
started,bundle,org.eclipse.mylyn.commons.net,3.4.1.v20100625-2100-e3x,"org.eclipse.mylyn.commons.net",1287643138640
deactivated,workbench,org.eclipse.ui.workbench,3.6.1.M20100826-1330,"",1287643139859
started,bundle,org.eclipse.mylyn.commons.ui,3.4.0.v20100608-0100-e3x,"org.eclipse.mylyn.commons.ui",1287643140078
started,bundle,org.eclipse.jsch.core,1.1.200.I20100505-1245,"org.eclipse.jsch.core",1287643140656
started,bundle,org.eclipse.team.cvs.core,3.3.300.I20100526-0800,"org.eclipse.team.cvs.core",1287643140656
started,bundle,org.eclipse.mylyn.bugzilla.core,3.4.2.v20100902-0100-e3x,"org.eclipse.mylyn.bugzilla.core",1287643140703
started,bundle,org.eclipse.mylyn.bugzilla.ui,3.4.2.v20100909-0100-e3x,"org.eclipse.mylyn.bugzilla.ui",1287643140875
started,bundle,org.eclipse.team.ui,3.5.101.R36x_v20100825-0800,"org.eclipse.team.ui",1287643140875
started,bundle,org.eclipse.ui.console,3.5.0.v20100526,"org.eclipse.ui.console",1287643141000
started,bundle,org.eclipse.team.cvs.ui,3.3.301.R36x_v20100825-0800,"org.eclipse.team.cvs.ui",1287643141468
started,bundle,org.eclipse.mylyn.context.core,3.4.1.v20100909-0100-e3x,"org.eclipse.mylyn.context.core",1287643141468
started,bundle,org.eclipse.mylyn.context.ui,3.4.1.v20100909-0100-e3x,"org.eclipse.mylyn.context.ui",1287643141718
started,bundle,org.eclipse.mylyn.tasks.ui,3.4.2.v20100902-0100-e3x,"org.eclipse.mylyn.tasks.ui",1287643142015
started,bundle,org.eclipse.mylyn.team.ui,3.4.2.v20100909-0100-e3x,"org.eclipse.mylyn.team.ui",1287643142046
started,bundle,org.eclipse.update.scheduler,3.2.300.v20100512,"org.eclipse.update.scheduler",1287643142109
activated,workbench,org.eclipse.ui.workbench,3.6.1.M20100826-1330,"",1287643142140
started,bundle,org.eclipse.update.configurator,3.3.100.v20100512,"org.eclipse.update.configurator",1287643142765
started,bundle,org.eclipse.update.core,3.2.402.R36x_v20100629,"org.eclipse.update.core",1287643142828
deactivated,workbench,org.eclipse.ui.workbench,3.6.1.M20100826-1330,"",1287643743546
activated,workbench,org.eclipse.ui.workbench,3.6.1.M20100826-1330,"",1287644012406
deactivated,workbench,org.eclipse.ui.workbench,3.6.1.M20100826-1330,"",1287644016546
activated,workbench,org.eclipse.ui.workbench,3.6.1.M20100826-1330,"",1287644032640
deactivated,workbench,org.eclipse.ui.workbench,3.6.1.M20100826-1330,"",1287644071750
activated,workbench,org.eclipse.ui.workbench,3.6.1.M20100826-1330,"",1287644074359
deactivated,workbench,org.eclipse.ui.workbench,3.6.1.M20100826-1330,"",1287644076187
activated,workbench,org.eclipse.ui.workbench,3.6.1.M20100826-1330,"",1287646557187
opened,editor,org.eclipse.cdt.ui,5.2.1.201009141542,"org.eclipse.cdt.ui.editor.CEditor",1287646560328
opened,editor,org.eclipse.cdt.ui,5.2.1.201009141542,"org.eclipse.cdt.ui.editor.CEditor",1287646560421
activated,editor,org.eclipse.cdt.ui,5.2.1.201009141542,"org.eclipse.cdt.ui.editor.CEditor",1287646560468
closed,editor,org.eclipse.cdt.ui,5.2.1.201009141542,"org.eclipse.cdt.ui.editor.CEditor",1287646560484
started,bundle,org.eclipse.cdt.mylyn.ui,1.1.3.v20100909-0100-e3x,"org.eclipse.cdt.mylyn.ui",1287646560515
activated,editor,org.eclipse.cdt.ui,5.2.1.201009141542,"org.eclipse.cdt.ui.editor.CEditor",1287646563375
opened,editor,org.eclipse.cdt.ui,5.2.1.201009141542,"org.eclipse.cdt.ui.editor.CEditor",1287646563437
activated,editor,org.eclipse.cdt.ui,5.2.1.201009141542,"org.eclipse.cdt.ui.editor.CEditor",1287646563484
closed,editor,org.eclipse.cdt.ui,5.2.1.201009141542,"org.eclipse.cdt.ui.editor.CEditor",1287646563484
activated,editor,org.eclipse.cdt.ui,5.2.1.201009141542,"org.eclipse.cdt.ui.editor.CEditor",1287646564421
opened,editor,org.eclipse.cdt.ui,5.2.1.201009141542,"org.eclipse.cdt.ui.editor.CEditor",1287646564546
activated,editor,org.eclipse.cdt.ui,5.2.1.201009141542,"org.eclipse.cdt.ui.editor.CEditor",1287646564593
closed,editor,org.eclipse.cdt.ui,5.2.1.201009141542,"org.eclipse.cdt.ui.editor.CEditor",1287646564593
activated,editor,org.eclipse.cdt.ui,5.2.1.201009141542,"org.eclipse.cdt.ui.editor.CEditor",1287646565578
opened,editor,org.eclipse.cdt.ui,5.2.1.201009141542,"org.eclipse.cdt.ui.editor.CEditor",1287646565703
activated,editor,org.eclipse.cdt.ui,5.2.1.201009141542,"org.eclipse.cdt.ui.editor.CEditor",1287646565750
closed,editor,org.eclipse.cdt.ui,5.2.1.201009141542,"org.eclipse.cdt.ui.editor.CEditor",1287646565750
activated,editor,org.eclipse.cdt.ui,5.2.1.201009141542,"org.eclipse.cdt.ui.editor.CEditor",1287646566875
activated,editor,org.eclipse.cdt.ui,5.2.1.201009141542,"org.eclipse.cdt.ui.editor.CEditor",1287646566953
closed,editor,org.eclipse.cdt.ui,5.2.1.201009141542,"org.eclipse.cdt.ui.editor.CEditor",1287646566953
activated,editor,org.eclipse.cdt.ui,5.2.1.201009141542,"org.eclipse.cdt.ui.editor.CEditor",1287646571093
deactivated,workbench,org.eclipse.ui.workbench,3.6.1.M20100826-1330,"",1287646578921
activated,workbench,org.eclipse.ui.workbench,3.6.1.M20100826-1330,"",1287646583640
deactivated,workbench,org.eclipse.ui.workbench,3.6.1.M20100826-1330,"",1287646593531
activated,workbench,org.eclipse.ui.workbench,3.6.1.M20100826-1330,"",1287646609937
deactivated,workbench,org.eclipse.ui.workbench,3.6.1.M20100826-1330,"",1287646610625
activated,workbench,org.eclipse.ui.workbench,3.6.1.M20100826-1330,"",1287646633031
deactivated,workbench,org.eclipse.ui.workbench,3.6.1.M20100826-1330,"",1287646633375
activated,workbench,org.eclipse.ui.workbench,3.6.1.M20100826-1330,"",1287647002093
deactivated,workbench,org.eclipse.ui.workbench,3.6.1.M20100826-1330,"",1287647005140
activated,workbench,org.eclipse.ui.workbench,3.6.1.M20100826-1330,"",1287647878359
deactivated,workbench,org.eclipse.ui.workbench,3.6.1.M20100826-1330,"",1287647888828
activated,workbench,org.eclipse.ui.workbench,3.6.1.M20100826-1330,"",1287647911015
deactivated,workbench,org.eclipse.ui.workbench,3.6.1.M20100826-1330,"",1287647912187
activated,workbench,org.eclipse.ui.workbench,3.6.1.M20100826-1330,"",1287647920515
opened,editor,org.eclipse.cdt.ui,5.2.1.201009141542,"org.eclipse.cdt.ui.editor.CEditor",1287647924765
activated,editor,org.eclipse.cdt.ui,5.2.1.201009141542,"org.eclipse.cdt.ui.editor.CEditor",1287647924828
executed,command,org.eclipse.cdt.ui,5.2.1.201009141542,"org.eclipse.cdt.ui.edit.opendecl",1287647929062
opened,editor,org.eclipse.cdt.ui,5.2.1.201009141542,"org.eclipse.cdt.ui.editor.CEditor",1287647929265
activated,editor,org.eclipse.cdt.ui,5.2.1.201009141542,"org.eclipse.cdt.ui.editor.CEditor",1287647929328
executed,command,org.eclipse.cdt.ui,5.2.1.201009141542,"org.eclipse.cdt.ui.edit.opendecl",1287647932703
executed,command,org.eclipse.cdt.ui,5.2.1.201009141542,"org.eclipse.cdt.ui.edit.opendecl",1287647937562
activated,editor,org.eclipse.cdt.ui,5.2.1.201009141542,"org.eclipse.cdt.ui.editor.CEditor",1287647937656
executed,command,org.eclipse.cdt.ui,5.2.1.201009141542,"org.eclipse.cdt.ui.edit.opendecl",1287647945796
deactivated,workbench,org.eclipse.ui.workbench,3.6.1.M20100826-1330,"",1287647957250
activated,workbench,org.eclipse.ui.workbench,3.6.1.M20100826-1330,"",1287647958234
deactivated,workbench,org.eclipse.ui.workbench,3.6.1.M20100826-1330,"",1287647958734
activated,workbench,org.eclipse.ui.workbench,3.6.1.M20100826-1330,"",1287647995968
deactivated,workbench,org.eclipse.ui.workbench,3.6.1.M20100826-1330,"",1287648013015
activated,workbench,org.eclipse.ui.workbench,3.6.1.M20100826-1330,"",1287648053484
activated,editor,org.eclipse.cdt.ui,5.2.1.201009141542,"org.eclipse.cdt.ui.editor.CEditor",1287648066562
activated,editor,org.eclipse.cdt.ui,5.2.1.201009141542,"org.eclipse.cdt.ui.editor.CEditor",1287648068390
executed,command,org.eclipse.ui.workbench.texteditor,3.6.1.r361_v20100714-0800,"org.eclipse.ui.edit.findNext",1287648070562
executed,command,org.eclipse.ui.workbench.texteditor,3.6.1.r361_v20100714-0800,"org.eclipse.ui.edit.findPrevious",1287648133796
executed,command,org.eclipse.ui.workbench.texteditor,3.6.1.r361_v20100714-0800,"org.eclipse.ui.edit.findPrevious",1287648134171
executed,command,org.eclipse.ui.workbench.texteditor,3.6.1.r361_v20100714-0800,"org.eclipse.ui.edit.findPrevious",1287648134375
executed,command,org.eclipse.ui.workbench.texteditor,3.6.1.r361_v20100714-0800,"org.eclipse.ui.edit.findPrevious",1287648134546
executed,command,org.eclipse.ui.workbench.texteditor,3.6.1.r361_v20100714-0800,"org.eclipse.ui.edit.findPrevious",1287648134765
executed,command,org.eclipse.ui.workbench.texteditor,3.6.1.r361_v20100714-0800,"org.eclipse.ui.edit.findPrevious",1287648135140
executed,command,org.eclipse.ui.workbench.texteditor,3.6.1.r361_v20100714-0800,"org.eclipse.ui.edit.findPrevious",1287648138062
executed,command,org.eclipse.ui.workbench.texteditor,3.6.1.r361_v20100714-0800,"org.eclipse.ui.edit.findPrevious",1287648138531
executed,command,org.eclipse.ui.workbench.texteditor,3.6.1.r361_v20100714-0800,"org.eclipse.ui.edit.findPrevious",1287648139234
executed,command,org.eclipse.ui.workbench.texteditor,3.6.1.r361_v20100714-0800,"org.eclipse.ui.edit.findPrevious",1287648139828
activated,editor,org.eclipse.cdt.ui,5.2.1.201009141542,"org.eclipse.cdt.ui.editor.CEditor",1287648217578
deactivated,workbench,org.eclipse.ui.workbench,3.6.1.M20100826-1330,"",1287648241078
activated,workbench,org.eclipse.ui.workbench,3.6.1.M20100826-1330,"",1287648241734
deactivated,workbench,org.eclipse.ui.workbench,3.6.1.M20100826-1330,"",1287648242500
activated,workbench,org.eclipse.ui.workbench,3.6.1.M20100826-1330,"",1287648243468
deactivated,workbench,org.eclipse.ui.workbench,3.6.1.M20100826-1330,"",1287648245281
activated,workbench,org.eclipse.ui.workbench,3.6.1.M20100826-1330,"",1287648280968
deactivated,workbench,org.eclipse.ui.workbench,3.6.1.M20100826-1330,"",1287648282437
activated,workbench,org.eclipse.ui.workbench,3.6.1.M20100826-1330,"",1287650762171
deactivated,workbench,org.eclipse.ui.workbench,3.6.1.M20100826-1330,"",1287650764515
activated,view,org.eclipse.search,3.6.0.v20100520-0800,"org.eclipse.search.ui.views.SearchView",1287650775781
activated,workbench,org.eclipse.ui.workbench,3.6.1.M20100826-1330,"",1287650776171
executed,command,org.eclipse.search,3.6.0.v20100520-0800,"org.eclipse.search.ui.openSearchDialog",1287650776234
deactivated,workbench,org.eclipse.ui.workbench,3.6.1.M20100826-1330,"",1287650776640
activated,workbench,org.eclipse.ui.workbench,3.6.1.M20100826-1330,"",1287650779203
activated,editor,org.eclipse.cdt.ui,5.2.1.201009141542,"org.eclipse.cdt.ui.editor.CEditor",1287650789593
activated,editor,org.eclipse.cdt.ui,5.2.1.201009141542,"org.eclipse.cdt.ui.editor.CEditor",1287650791062
activated,editor,org.eclipse.cdt.ui,5.2.1.201009141542,"org.eclipse.cdt.ui.editor.CEditor",1287650982421
deactivated,workbench,org.eclipse.ui.workbench,3.6.1.M20100826-1330,"",1287650990078
executed,command,org.eclipse.ui.workbench.texteditor,3.6.1.r361_v20100714-0800,"org.eclipse.ui.edit.text.showInformation",1287650990109
activated,workbench,org.eclipse.ui.workbench,3.6.1.M20100826-1330,"",1287650991140
deactivated,workbench,org.eclipse.ui.workbench,3.6.1.M20100826-1330,"",1287651023531
activated,workbench,org.eclipse.ui.workbench,3.6.1.M20100826-1330,"",1287651024984
executed,command,org.eclipse.ui,3.6.1.M20100826-1330,"org.eclipse.ui.edit.copy",1287651026437
activated,editor,org.eclipse.cdt.ui,5.2.1.201009141542,"org.eclipse.cdt.ui.editor.CEditor",1287651027843
deactivated,workbench,org.eclipse.ui.workbench,3.6.1.M20100826-1330,"",1287651028765
executed,command,org.eclipse.ui,3.6.1.M20100826-1330,"org.eclipse.ui.edit.findReplace",1287651028796
executed,command,org.eclipse.ui,3.6.1.M20100826-1330,"org.eclipse.ui.edit.paste",1287651029093
activated,workbench,org.eclipse.ui.workbench,3.6.1.M20100826-1330,"",1287651033046
executed,command,org.eclipse.cdt.ui,5.2.1.201009141542,"org.eclipse.cdt.ui.edit.opendecl",1287651048562
opened,editor,org.eclipse.cdt.ui,5.2.1.201009141542,"org.eclipse.cdt.ui.editor.CEditor",1287651048687
activated,editor,org.eclipse.cdt.ui,5.2.1.201009141542,"org.eclipse.cdt.ui.editor.CEditor",1287651048750
activated,editor,org.eclipse.cdt.ui,5.2.1.201009141542,"org.eclipse.cdt.ui.editor.CEditor",1287651121421
activated,editor,org.eclipse.cdt.ui,5.2.1.201009141542,"org.eclipse.cdt.ui.editor.CEditor",1287651131015
deactivated,workbench,org.eclipse.ui.workbench,3.6.1.M20100826-1330,"",1287651220093
activated,workbench,org.eclipse.ui.workbench,3.6.1.M20100826-1330,"",1287651221359
deactivated,workbench,org.eclipse.ui.workbench,3.6.1.M20100826-1330,"",1287651224531
activated,workbench,org.eclipse.ui.workbench,3.6.1.M20100826-1330,"",1287661334625
activated,editor,org.eclipse.cdt.ui,5.2.1.201009141542,"org.eclipse.cdt.ui.editor.CEditor",1287661338171
executed,command,org.eclipse.ui,3.6.1.M20100826-1330,"org.eclipse.ui.edit.undo",1287661342484
executed,command,org.eclipse.ui,3.6.1.M20100826-1330,"org.eclipse.ui.edit.undo",1287661343984
deactivated,workbench,org.eclipse.ui.workbench,3.6.1.M20100826-1330,"",1287661345812
activated,workbench,org.eclipse.ui.workbench,3.6.1.M20100826-1330,"",1287661350312
opened,editor,org.eclipse.cdt.ui,5.2.1.201009141542,"org.eclipse.cdt.ui.editor.CEditor",1287661350562
activated,editor,org.eclipse.cdt.ui,5.2.1.201009141542,"org.eclipse.cdt.ui.editor.CEditor",1287661350609
executed,command,org.eclipse.ui.ide,3.6.1.M20100825-0800,"org.eclipse.ui.navigate.openResource",1287661350609
deactivated,workbench,org.eclipse.ui.workbench,3.6.1.M20100826-1330,"",1287661358828
activated,workbench,org.eclipse.ui.workbench,3.6.1.M20100826-1330,"",1287661362468
opened,editor,org.eclipse.cdt.ui,5.2.1.201009141542,"org.eclipse.cdt.ui.editor.CEditor",1287661362593
activated,editor,org.eclipse.cdt.ui,5.2.1.201009141542,"org.eclipse.cdt.ui.editor.CEditor",1287661362640
executed,command,org.eclipse.ui.ide,3.6.1.M20100825-0800,"org.eclipse.ui.navigate.openResource",1287661362640
executed,command,org.eclipse.ui,3.6.1.M20100826-1330,"org.eclipse.ui.edit.copy",1287661376984
deactivated,workbench,org.eclipse.ui.workbench,3.6.1.M20100826-1330,"",1287661382078
activated,workbench,org.eclipse.ui.workbench,3.6.1.M20100826-1330,"",1287661424484
deactivated,workbench,org.eclipse.ui.workbench,3.6.1.M20100826-1330,"",1287661429562
activated,workbench,org.eclipse.ui.workbench,3.6.1.M20100826-1330,"",1287661438609
deactivated,workbench,org.eclipse.ui.workbench,3.6.1.M20100826-1330,"",1287661439953
activated,workbench,org.eclipse.ui.workbench,3.6.1.M20100826-1330,"",1287661473984
deactivated,workbench,org.eclipse.ui.workbench,3.6.1.M20100826-1330,"",1287661963671
activated,workbench,org.eclipse.ui.workbench,3.6.1.M20100826-1330,"",1287662000515
deactivated,workbench,org.eclipse.ui.workbench,3.6.1.M20100826-1330,"",1287662008437
activated,workbench,org.eclipse.ui.workbench,3.6.1.M20100826-1330,"",1287662023546
deactivated,workbench,org.eclipse.ui.workbench,3.6.1.M20100826-1330,"",1287662025640
activated,workbench,org.eclipse.ui.workbench,3.6.1.M20100826-1330,"",1287662063625
activated,editor,org.eclipse.cdt.ui,5.2.1.201009141542,"org.eclipse.cdt.ui.editor.CEditor",1287662067406
deactivated,workbench,org.eclipse.ui.workbench,3.6.1.M20100826-1330,"",1287662082265
activated,workbench,org.eclipse.ui.workbench,3.6.1.M20100826-1330,"",1287662119000
executed,command,org.eclipse.ui.workbench.texteditor,3.6.1.r361_v20100714-0800,"org.eclipse.ui.edit.findPrevious",1287662123031
executed,command,org.eclipse.ui.workbench.texteditor,3.6.1.r361_v20100714-0800,"org.eclipse.ui.edit.findPrevious",1287662123515
executed,command,org.eclipse.ui.workbench.texteditor,3.6.1.r361_v20100714-0800,"org.eclipse.ui.edit.findPrevious",1287662123671
executed,command,org.eclipse.ui.workbench.texteditor,3.6.1.r361_v20100714-0800,"org.eclipse.ui.edit.findPrevious",1287662123843
executed,command,org.eclipse.ui.workbench.texteditor,3.6.1.r361_v20100714-0800,"org.eclipse.ui.edit.findNext",1287662124375
executed,command,org.eclipse.ui.workbench.texteditor,3.6.1.r361_v20100714-0800,"org.eclipse.ui.edit.findNext",1287662124828
deactivated,workbench,org.eclipse.ui.workbench,3.6.1.M20100826-1330,"",1287662128796
activated,workbench,org.eclipse.ui.workbench,3.6.1.M20100826-1330,"",1287662135734
executed,command,org.eclipse.search,3.6.0.v20100520-0800,"org.eclipse.search.ui.openSearchDialog",1287662135781
deactivated,workbench,org.eclipse.ui.workbench,3.6.1.M20100826-1330,"",1287662135828
activated,view,org.eclipse.search,3.6.0.v20100520-0800,"org.eclipse.search.ui.views.SearchView",1287662137234
activated,workbench,org.eclipse.ui.workbench,3.6.1.M20100826-1330,"",1287662137265
activated,editor,org.eclipse.cdt.ui,5.2.1.201009141542,"org.eclipse.cdt.ui.editor.CEditor",1287662186046
executed,command,org.eclipse.cdt.ui,5.2.1.201009141542,"org.eclipse.cdt.ui.edit.opendecl",1287662187312
activated,editor,org.eclipse.cdt.ui,5.2.1.201009141542,"org.eclipse.cdt.ui.editor.CEditor",1287662187421
executed,command,org.eclipse.cdt.ui,5.2.1.201009141542,"org.eclipse.cdt.ui.edit.opendecl",1287662193953
opened,editor,org.eclipse.cdt.ui,5.2.1.201009141542,"org.eclipse.cdt.ui.editor.CEditor",1287662194078
activated,editor,org.eclipse.cdt.ui,5.2.1.201009141542,"org.eclipse.cdt.ui.editor.CEditor",1287662194140
activated,editor,org.eclipse.cdt.ui,5.2.1.201009141542,"org.eclipse.cdt.ui.editor.CEditor",1287662197937
deactivated,workbench,org.eclipse.ui.workbench,3.6.1.M20100826-1330,"",1287662216140
executed,command,org.eclipse.ui.workbench.texteditor,3.6.1.r361_v20100714-0800,"org.eclipse.ui.edit.text.showInformation",1287662216156
activated,workbench,org.eclipse.ui.workbench,3.6.1.M20100826-1330,"",1287662239671
deactivated,workbench,org.eclipse.ui.workbench,3.6.1.M20100826-1330,"",1287662242484
activated,workbench,org.eclipse.ui.workbench,3.6.1.M20100826-1330,"",1287663210968
activated,view,org.eclipse.ui.navigator.resources,3.4.201.M20100707-0800,"org.eclipse.ui.navigator.ProjectExplorer",1287663214578
started,bundle,org.eclipse.compare,3.5.100.I20100526-0800,"org.eclipse.compare",1287663215578
opened,view,org.eclipse.ui.console,3.5.0.v20100526,"org.eclipse.ui.console.ConsoleView",1287663219687
deactivated,workbench,org.eclipse.ui.workbench,3.6.1.M20100826-1330,"",1287663219718
activated,workbench,org.eclipse.ui.workbench,3.6.1.M20100826-1330,"",1287663221296
closed,editor,org.eclipse.cdt.ui,5.2.1.201009141542,"org.eclipse.cdt.ui.editor.CEditor",1287663226843
closed,editor,org.eclipse.cdt.ui,5.2.1.201009141542,"org.eclipse.cdt.ui.editor.CEditor",1287663226859
started,bundle,org.eclipse.cdt.managedbuilder.ui,7.0.0.201009141542,"org.eclipse.cdt.managedbuilder.ui",1287663230546
started,bundle,org.eclipse.cdt.managedbuilder.gnu.ui,7.0.0.201009141542,"org.eclipse.cdt.managedbuilder.gnu.ui",1287663230781
deactivated,workbench,org.eclipse.ui.workbench,3.6.1.M20100826-1330,"",1287663231281
activated,workbench,org.eclipse.ui.workbench,3.6.1.M20100826-1330,"",1287663252468
deactivated,workbench,org.eclipse.ui.workbench,3.6.1.M20100826-1330,"",1287663256140
activated,workbench,org.eclipse.ui.workbench,3.6.1.M20100826-1330,"",1287663347218
executed,command,org.eclipse.ui,3.6.1.M20100826-1330,"org.eclipse.ui.file.refresh",1287663355515
activated,editor,org.eclipse.cdt.ui,5.2.1.201009141542,"org.eclipse.cdt.ui.editor.CEditor",1287663358796
deactivated,workbench,org.eclipse.ui.workbench,3.6.1.M20100826-1330,"",1287663387000
activated,workbench,org.eclipse.ui.workbench,3.6.1.M20100826-1330,"",1287663388531
activated,view,org.eclipse.ui.navigator.resources,3.4.201.M20100707-0800,"org.eclipse.ui.navigator.ProjectExplorer",1287663388703
closed,editor,org.eclipse.cdt.ui,5.2.1.201009141542,"org.eclipse.cdt.ui.editor.CEditor",1287663388703
closed,editor,org.eclipse.cdt.ui,5.2.1.201009141542,"org.eclipse.cdt.ui.editor.CEditor",1287663388703
closed,editor,org.eclipse.cdt.ui,5.2.1.201009141542,"org.eclipse.cdt.ui.editor.CEditor",1287663388718
closed,editor,org.eclipse.cdt.ui,5.2.1.201009141542,"org.eclipse.cdt.ui.editor.CEditor",1287663388718
closed,editor,org.eclipse.cdt.ui,5.2.1.201009141542,"org.eclipse.cdt.ui.editor.CEditor",1287663388734
closed,editor,org.eclipse.cdt.ui,5.2.1.201009141542,"org.eclipse.cdt.ui.editor.CEditor",1287663388750
executed,command,org.eclipse.ui,3.6.1.M20100826-1330,"org.eclipse.ui.file.closeAll",1287663388750
opened,editor,org.eclipse.cdt.ui,5.2.1.201009141542,"org.eclipse.cdt.ui.editor.CEditor",1287663391218
activated,editor,org.eclipse.cdt.ui,5.2.1.201009141542,"org.eclipse.cdt.ui.editor.CEditor",1287663391281
executed,command,org.eclipse.ui.workbench.texteditor,3.6.1.r361_v20100714-0800,"org.eclipse.ui.edit.text.goto.lineStart",1287663395921
deactivated,workbench,org.eclipse.ui.workbench,3.6.1.M20100826-1330,"",1287663405453
activated,view,org.eclipse.search,3.6.0.v20100520-0800,"org.eclipse.search.ui.views.SearchView",1287663405765
activated,workbench,org.eclipse.ui.workbench,3.6.1.M20100826-1330,"",1287663405781
executed,command,org.eclipse.search,3.6.0.v20100520-0800,"org.eclipse.search.ui.openSearchDialog",1287663405843
activated,editor,org.eclipse.cdt.ui,5.2.1.201009141542,"org.eclipse.cdt.ui.editor.CEditor",1287663425984
executed,command,org.eclipse.ui.workbench.texteditor,3.6.1.r361_v20100714-0800,"org.eclipse.ui.edit.text.moveLineUp",1287663433765
executed,command,org.eclipse.ui.workbench.texteditor,3.6.1.r361_v20100714-0800,"org.eclipse.ui.edit.text.moveLineUp",1287663433953
executed,command,org.eclipse.ui.workbench.texteditor,3.6.1.r361_v20100714-0800,"org.eclipse.ui.edit.text.moveLineUp",1287663434109
deactivated,workbench,org.eclipse.ui.workbench,3.6.1.M20100826-1330,"",1287663440640
activated,view,org.eclipse.search,3.6.0.v20100520-0800,"org.eclipse.search.ui.views.SearchView",1287663441437
activated,workbench,org.eclipse.ui.workbench,3.6.1.M20100826-1330,"",1287663441484
executed,command,org.eclipse.search,3.6.0.v20100520-0800,"org.eclipse.search.ui.openSearchDialog",1287663441562
opened,editor,org.eclipse.cdt.ui,5.2.1.201009141542,"org.eclipse.cdt.ui.editor.CEditor",1287663447843
activated,editor,org.eclipse.cdt.ui,5.2.1.201009141542,"org.eclipse.cdt.ui.editor.CEditor",1287663447906
activated,view,org.eclipse.search,3.6.0.v20100520-0800,"org.eclipse.search.ui.views.SearchView",1287663451796
activated,editor,org.eclipse.cdt.ui,5.2.1.201009141542,"org.eclipse.cdt.ui.editor.CEditor",1287663456843
activated,view,org.eclipse.search,3.6.0.v20100520-0800,"org.eclipse.search.ui.views.SearchView",1287663492140
activated,editor,org.eclipse.cdt.ui,5.2.1.201009141542,"org.eclipse.cdt.ui.editor.CEditor",1287663493703
activated,editor,org.eclipse.cdt.ui,5.2.1.201009141542,"org.eclipse.cdt.ui.editor.CEditor",1287663507078
closed,editor,org.eclipse.cdt.ui,5.2.1.201009141542,"org.eclipse.cdt.ui.editor.CEditor",1287663507078
deactivated,workbench,org.eclipse.ui.workbench,3.6.1.M20100826-1330,"",1287663512750
activated,workbench,org.eclipse.ui.workbench,3.6.1.M20100826-1330,"",1287663742484
deactivated,workbench,org.eclipse.ui.workbench,3.6.1.M20100826-1330,"",1287663752671
activated,workbench,org.eclipse.ui.workbench,3.6.1.M20100826-1330,"",1287663753562
deactivated,workbench,org.eclipse.ui.workbench,3.6.1.M20100826-1330,"",1287663756187
activated,workbench,org.eclipse.ui.workbench,3.6.1.M20100826-1330,"",1287665102000
deactivated,workbench,org.eclipse.ui.workbench,3.6.1.M20100826-1330,"",1287665111765
activated,workbench,org.eclipse.ui.workbench,3.6.1.M20100826-1330,"",1287665119390
deactivated,workbench,org.eclipse.ui.workbench,3.6.1.M20100826-1330,"",1287665119968
activated,workbench,org.eclipse.ui.workbench,3.6.1.M20100826-1330,"",1287665121406
executed,command,org.eclipse.cdt.ui,5.2.1.201009141542,"org.eclipse.cdt.ui.edit.text.rename.element",1287665121437
deactivated,workbench,org.eclipse.ui.workbench,3.6.1.M20100826-1330,"",1287665124859
activated,workbench,org.eclipse.ui.workbench,3.6.1.M20100826-1330,"",1287665126687
executed,command,org.eclipse.cdt.ui,5.2.1.201009141542,"org.eclipse.cdt.ui.edit.text.rename.element",1287665126718
deactivated,workbench,org.eclipse.ui.workbench,3.6.1.M20100826-1330,"",1287665128406
activated,workbench,org.eclipse.ui.workbench,3.6.1.M20100826-1330,"",1287665133718
opened,editor,org.eclipse.cdt.ui,5.2.1.201009141542,"org.eclipse.cdt.ui.editor.CEditor",1287665133859
activated,editor,org.eclipse.cdt.ui,5.2.1.201009141542,"org.eclipse.cdt.ui.editor.CEditor",1287665133906
executed,command,org.eclipse.ui.ide,3.6.1.M20100825-0800,"org.eclipse.ui.navigate.openResource",1287665133906
deactivated,workbench,org.eclipse.ui.workbench,3.6.1.M20100826-1330,"",1287665173109
activated,workbench,org.eclipse.ui.workbench,3.6.1.M20100826-1330,"",1287665192281
executed,command,org.eclipse.ui,3.6.1.M20100826-1330,"org.eclipse.ui.edit.copy",1287665257828
activated,editor,org.eclipse.cdt.ui,5.2.1.201009141542,"org.eclipse.cdt.ui.editor.CEditor",1287665262750
executed,command,org.eclipse.ui,3.6.1.M20100826-1330,"org.eclipse.ui.edit.paste",1287665280515
executed,command,org.eclipse.ui.workbench.texteditor,3.6.1.r361_v20100714-0800,"org.eclipse.ui.edit.text.goto.lineStart",1287665282031
executed,command,org.eclipse.ui.workbench.texteditor,3.6.1.r361_v20100714-0800,"org.eclipse.ui.edit.text.select.lineEnd",1287665282250
executed,command,org.eclipse.ui,3.6.1.M20100826-1330,"org.eclipse.ui.edit.copy",1287665282843
executed,command,org.eclipse.ui,3.6.1.M20100826-1330,"org.eclipse.ui.edit.paste",1287665283921
executed,command,org.eclipse.ui,3.6.1.M20100826-1330,"org.eclipse.ui.edit.cut",1287665287312
executed,command,org.eclipse.ui,3.6.1.M20100826-1330,"org.eclipse.ui.edit.paste",1287665289453
executed,command,org.eclipse.ui,3.6.1.M20100826-1330,"org.eclipse.ui.edit.copy",1287665314984
executed,command,org.eclipse.ui,3.6.1.M20100826-1330,"org.eclipse.ui.edit.paste",1287665320625
activated,editor,org.eclipse.cdt.ui,5.2.1.201009141542,"org.eclipse.cdt.ui.editor.CEditor",1287665325890
executed,command,org.eclipse.cdt.ui,5.2.1.201009141542,"org.eclipse.cdt.ui.edit.opendecl",1287665361000
opened,editor,org.eclipse.cdt.ui,5.2.1.201009141542,"org.eclipse.cdt.ui.editor.CEditor",1287665361125
activated,editor,org.eclipse.cdt.ui,5.2.1.201009141542,"org.eclipse.cdt.ui.editor.CEditor",1287665361187
executed,command,org.eclipse.ui,3.6.1.M20100826-1330,"org.eclipse.ui.edit.copy",1287665383906
activated,editor,org.eclipse.cdt.ui,5.2.1.201009141542,"org.eclipse.cdt.ui.editor.CEditor",1287665385453
activated,editor,org.eclipse.cdt.ui,5.2.1.201009141542,"org.eclipse.cdt.ui.editor.CEditor",1287665388468
executed,command,org.eclipse.ui,3.6.1.M20100826-1330,"org.eclipse.ui.edit.paste",1287665391156
executed,command,org.eclipse.ui.workbench.texteditor,3.6.1.r361_v20100714-0800,"org.eclipse.ui.edit.text.goto.lineStart",1287665393234
executed,command,org.eclipse.ui,3.6.1.M20100826-1330,"org.eclipse.ui.edit.copy",1287665395500
